tweetID,followers,listed,followings,verified,Total_favourite_count,tweet_favorite_count
8.82904536553279E+017,1044,14,1742,0,97,0
8.8290452937687E+017,1280,93,1045,0,34820,0
8.82904528827294E+017,859,132,252,0,30401,0
8.82904522741252E+017,473,65,302,0,14361,0
8.82904522120679E+017,12830,17,922,0,70,0
8.8290451730566E+017,167,29,83,0,6061,0
8.82904512796676E+017,59,0,97,0,919,0
8.82904511001616E+017,14,0,141,0,261,0
8.82904510431199E+017,404,40,427,0,46096,0
8.82904509953004E+017,6,0,42,0,4,0
8.82904509172793E+017,964,113,623,0,44458,0
8.82904505469116E+017,434,25,227,0,15753,0
8.82904504781476E+017,6373,14,105,0,830,0
8.82904503330234E+017,61,0,510,0,1119,0
8.8290450186632E+017,10874,96,218,0,43239,0
8.82904495650472E+017,2175,5,1435,0,8930,0
8.82904487689572E+017,61,0,510,0,1119,0
8.82904482014573E+017,112,8,431,0,1115,0
8.82904478139199E+017,1207,134,1685,0,3857,0
8.8290446972534E+017,804,128,730,0,46105,0
8.82904457519915E+017,5893372,6080,860,1,3030,2
8.82904457427767E+017,817,0,660,0,2405,0
8.82904449731019E+017,299,1,196,0,2510,0
8.82904449601032E+017,104147,726,1186,0,6,0
8.82904445750698E+017,143,0,56,0,140,0
8.82904439102874E+017,12,1,93,0,25,0
8.82904438410801E+017,69,5,89,0,343,0
8.82904437966217E+017,210,21,393,0,8205,0
8.82904435634065E+017,1590,134,901,0,1014,0
8.82904427614552E+017,69,16,252,0,8958,0
8.82904427438285E+017,10944,119,663,0,63735,0
8.8290441941468E+017,1354,148,2171,0,15908,0
8.82904417418269E+017,25256,75,2523,0,25733,0
8.82904412129182E+017,348335,1569,67,1,102,0
8.82904411261084E+017,1211,11,415,0,11911,0
8.82904408484225E+017,104,2,713,0,789,0
8.82904403627327E+017,52,1,205,0,5,0
8.82904401261633E+017,199,0,1380,0,3604,0
8.82904399554552E+017,2680,19,389,0,12806,0
8.82904398355063E+017,23,0,67,0,1292,0
8.82904396857619E+017,15176,113,781,0,36650,0
8.82904392189354E+017,67,0,237,0,36,0
8.82904387890197E+017,7692,25,3611,0,2657,0
8.8290438496698E+017,3734,46,1029,0,11098,0
8.82904383679328E+017,113,1,235,0,1518,0
8.82904379812069E+017,370,49,136,0,50452,0
8.82904377698157E+017,641,72,14,0,75938,0
8.82904376813035E+017,147,2,149,0,12603,0
8.82904376481767E+017,1648,224,714,0,248523,0
8.82904370592928E+017,2521,34,1714,0,8809,0
8.82904369712202E+017,326,40,965,0,1307,0
8.82904369066262E+017,1999,49,1113,0,7314,0
8.82904367237485E+017,2178,232,1730,0,213799,0
8.82904363735425E+017,52,0,239,0,2514,0
8.8290435613524E+017,55,6,377,0,34,0
8.82904356101566E+017,324,49,1212,0,9198,0
8.82904356076442E+017,157,17,53,0,291,0
8.8290435588345E+017,46,2,124,0,967,0
8.82904346983186E+017,237,7,415,0,6554,0
8.82904338791899E+017,103,0,128,0,9289,0
8.82904336782598E+017,202,2,803,0,11914,0
8.8290433536503E+017,655,15,1323,0,13897,0
8.82904320957665E+017,131,0,49,0,1438,0
8.82904320429216E+017,241,3,375,0,183,0
8.82904318692782E+017,84,2,369,0,510,0
8.82904318105461E+017,111,2,94,0,916,0
8.82904317040222E+017,351,0,679,0,1848,0
8.82904316591452E+017,311,32,526,0,1309,0
8.82904313139307E+017,143,0,56,0,140,0
8.8290430961213E+017,105,4,316,0,2744,0
8.82904309226246E+017,2843,118,2424,0,61893,0
8.8290430648714E+017,181,103,178,0,51955,0
8.82904306323608E+017,349,26,141,0,17960,0
8.82904299642159E+017,186,19,398,0,5597,0
8.82904294718005E+017,57,9,774,0,61,0
8.82904288380371E+017,19,1,90,0,124,0
8.82904284202803E+017,35,0,281,0,1,0
8.82904283582054E+017,360,18,1251,0,17015,0
8.82904282172858E+017,453,6,34,0,25070,0
8.82904267107037E+017,37,2,97,0,532,0
8.82904263189332E+017,50,2,42,0,6925,0
8.82904259972485E+017,1105,19,1901,0,118,0
8.82904254939353E+017,944,13,1833,0,48,0
8.82904251541983E+017,214,0,25,0,45827,0
8.82904234982867E+017,2843,118,2424,0,61893,0
8.82904234345194E+017,16,0,82,0,1186,0
8.82904232315114E+017,88,1,407,0,8679,0
8.82904224408805E+017,2566,10,228,0,1931,0
8.82904221158445E+017,981,13,279,0,33405,0
8.82904213512049E+017,2566,10,228,0,1931,0
8.82904207371583E+017,349,26,141,0,17960,0
8.8290420653688E+017,4308,84,665,0,8153,0
8.82904206495101E+017,38,1,266,0,326,0
8.82904200706834E+017,1035,13,302,0,499,0
8.82904193069195E+017,1035,13,302,0,499,0
8.82904190346854E+017,4308,84,665,0,8153,0
8.82904189986198E+017,596,170,230,0,91470,0
8.8290418732707E+017,114030,239,286,1,820,1
8.82904186597364E+017,14,0,154,0,8,0
8.82904182105055E+017,2907,453,171,0,265712,0
8.82904180641477E+017,173,95,178,0,63,0
8.82904180012208E+017,181,103,178,0,51955,0
8.82904167215452E+017,29050,106,2510,0,85555,0
8.82904159074345E+017,117,6,156,0,1095,0
8.82904153877557E+017,2264,25,3549,0,15435,0
8.8290415355041E+017,548,43,403,0,29906,0
8.8290415224585E+017,3363,198,1672,0,123207,0
8.82904146260615E+017,15593,74,13213,0,54622,0
8.82904143731589E+017,16,0,24,0,26,0
8.82904142561239E+017,414,34,475,0,18914,0
8.82904141021889E+017,102,4,464,0,1160,0
8.82904139000414E+017,672,29,584,0,3223,0
8.82904135691096E+017,88,2,172,0,0,0
8.829041343657E+017,173,95,178,0,63,0
8.82904134181106E+017,527,0,765,0,853,0
8.82904130334802E+017,271,1,116,0,7690,0
8.8290413006234E+017,419,1,276,0,1840,0
8.82904119760925E+017,587,21,755,0,10323,0
8.82904119387734E+017,89,0,159,0,4729,0
8.82904118435562E+017,596,170,230,0,91470,0
8.82904110688748E+017,3235,120,3740,0,68,0
8.82904100609839E+017,143,0,56,0,140,0
8.82904096453284E+017,612,34,1291,0,9411,0
8.82904095945888E+017,1554,1797,991,0,34990,0
8.82904089092403E+017,117,6,156,0,1095,0
8.82904087406277E+017,3347,195,1270,0,124220,0
8.82904084566749E+017,84,14,228,0,187,0
8.82904083589247E+017,757,24,160,0,50715,0
8.82904082930905E+017,193,4,113,0,13349,0
8.82904081253249E+017,134,1,56,0,9881,0
8.82904075960025E+017,0,0,3,0,0,0
8.82904074223403E+017,311,20,647,0,51066,0
8.82904065885295E+017,5235,148,823,0,2710,0
8.82904065046323E+017,179,28,26,0,31005,0
8.82904060151595E+017,21266,169,364,0,12193,4
8.82904050122998E+017,338,8,744,0,156,0
8.82904045664555E+017,43693,123,251,0,112835,0
8.8290403720047E+017,3,0,98,0,1,0
8.82904037074625E+017,2,0,60,0,37,0
8.82904034973295E+017,542,82,555,0,747,0
8.82904033341522E+017,310,4,76,0,3344,10
8.82904032133755E+017,164,10,339,0,225,0
8.8290403132425E+017,363,7,721,0,7470,0
8.8290402474745E+017,756,86,894,0,4617,0
8.8290402045662E+017,49,2,122,0,43,0
8.82904020045763E+017,63,0,207,0,3326,0
8.82904019664089E+017,699,77,1922,0,66958,0
8.82904018543985E+017,382,388,2111,0,59,0
8.82904015775945E+017,111473,548,1114,1,2148,0
8.82904012395303E+017,7521,27,8248,0,40371,0
8.82904005902348E+017,40,0,203,0,2791,0
8.82904005621543E+017,45,0,191,0,6358,0
8.82903993168478E+017,26,3,170,0,10090,0
8.82903992715551E+017,48247,128,27476,0,37157,0
8.82903990664446E+017,107,0,372,0,1966,0
8.82903988684947E+017,10323,289,11354,0,249678,0
8.82903987984286E+017,1364,62,1928,0,1836,0
8.82903985975374E+017,131394,831,241,0,32,0
8.82903978245144E+017,25,3,83,0,166,0
8.82903976810693E+017,33,0,88,0,4131,0
8.82903972171743E+017,2566,10,228,0,1931,0
8.82903968405496E+017,27,0,37,0,1399,0
8.82903964404011E+017,6869,13,2929,0,2973,0
8.8290395576805E+017,169,102,197,0,2140,0
8.8290395563384E+017,44,8,79,0,15128,0
8.829039470355E+017,9,0,21,0,2,0
8.82903937489093E+017,1036,11,1443,0,9506,0
8.82903936893506E+017,382,388,2111,0,59,0
8.82903934783832E+017,159,8,664,0,12027,0
8.82903934456795E+017,0,0,0,0,0,0
8.8290393050554E+017,3235,120,3740,0,68,0
8.82903923698278E+017,126,11,217,0,4075,0
8.82903920183398E+017,10,0,22,0,196,0
8.82903918027473E+017,73,10,312,0,351,0
8.82903916765094E+017,14618,156,2219,0,102,0
8.82903912847684E+017,4078,14,1526,0,9571,0
8.82903911819903E+017,10944,119,663,0,63735,0
8.82903911119671E+017,2,0,80,0,138,0
8.82903909500506E+017,45690,298,4810,0,194516,1
8.82903909077062E+017,7521,27,8248,0,40371,0
8.82903903884464E+017,27,0,37,0,1399,0
8.82903899262276E+017,345,110,1190,0,6399,0
8.82903898133979E+017,56,0,147,0,9534,0
8.829038957097E+017,321,18,503,0,35043,0
8.82903895638499E+017,707,35,4990,0,180,0
8.82903893008458E+017,270,10,247,0,2251,0
8.82903891314168E+017,207,10,450,0,28814,0
8.82903890777317E+017,2264,25,3549,0,15435,0
8.82903888084345E+017,300,15,675,0,4511,0
8.82903885769187E+017,1192,16,1497,0,2218,0
8.8290388572715E+017,35,0,281,0,1,0
8.82903884573823E+017,1410,25,5001,0,36353,0
8.82903882363482E+017,52597,208,633,0,21887,0
8.82903874507383E+017,1458,144,1056,0,100466,0
8.82903861341696E+017,1223,5,512,0,574,0
8.82903852319613E+017,24251,71,2796,0,5880,0
8.82903848523891E+017,1207,134,1685,0,3857,0
8.82903845126381E+017,248,36,431,0,1712,0
8.829038426351E+017,6,0,45,0,647,0
8.82903837849334E+017,615,62,831,0,251,0
8.82903825329394E+017,1202,40,840,0,5059,0
8.82903823919874E+017,91,6,70,0,2339,0
8.82903803858751E+017,3,0,98,0,1,0
8.82903803678384E+017,15,0,74,0,5,0
8.8290380196291E+017,310,4,1847,0,9725,0
8.82903783600263E+017,371,2,529,0,9000,0
8.82903781683352E+017,5623,146,1226,0,84331,0
8.82903781679145E+017,164,0,116,0,301,0
8.82903779875672E+017,63,0,207,0,3326,0
8.82903771403178E+017,354,1,307,0,11512,0
8.82903761840087E+017,370,49,136,0,50452,0
8.82903761181565E+017,305,58,94,0,23444,0
8.82903759793209E+017,269,0,123,0,313,0
8.82903758438637E+017,1667,370,1544,0,146,0
8.8290375805694E+017,642,83,911,0,16448,0
8.82903757759054E+017,2092,118,934,0,123,0
8.82903749982925E+017,371,44,544,0,795,0
8.82903746812031E+017,43693,123,251,0,112835,0
8.82903742458327E+017,193,14,517,0,19237,0
8.82903739396366E+017,61,0,13,0,5150,0
8.82903739006308E+017,71,0,62,0,21,0
8.82903735596339E+017,322,7,1180,0,9,0
8.82903735189385E+017,370,49,136,0,50452,0
8.82903732429697E+017,1620,19,160,0,199,0
8.82903727107056E+017,5623,146,1226,0,84331,0
8.82903726331019E+017,1829,26,198,0,11390,0
8.82903726163448E+017,1108,30,1382,0,95757,0
8.82903725790163E+017,142,1,387,0,723,0
8.82903706370544E+017,392,91,207,0,1143,0
8.82903705237864E+017,549,3,79,0,295,0
8.82903697742844E+017,8,0,51,0,3527,0
8.8290369197149E+017,2,0,65,0,0,0
8.82903689651921E+017,86,5,234,0,3652,0
8.82903685872968E+017,13,0,80,0,2,1
8.82903681980658E+017,4,0,222,0,21,0
8.82903681103831E+017,311,20,647,0,51066,0
8.829036669399E+017,291,136,980,0,1718,0
8.82903666679788E+017,883,41,908,0,1002,0
8.82903664603615E+017,4309,280,1585,0,183101,0
8.8290366327826E+017,181,7,214,0,26911,0
8.82903657876005E+017,5663,45,1333,0,2198,0
8.82903656915284E+017,287,10,467,0,4042,0
8.82903655581573E+017,2,0,10,0,5,0
8.82903655237566E+017,186,6,86,0,6203,1
8.82903654751244E+017,201,11,172,0,31,0
8.8290365257422E+017,133,4,1412,0,6666,0
8.82903649139048E+017,4129,45,3040,0,4131,0
8.82903646513504E+017,2760,184,613,0,34689,0
8.8290364075044E+017,1715,45,2413,0,1554,0
8.82903635880849E+017,116,12,78,0,3230,0
8.82903632093606E+017,339,40,636,0,866,0
8.82903625919382E+017,1,0,29,0,3,0
8.82903622186484E+017,520,24,530,0,1726,0
8.8290361417121E+017,2,0,10,0,5,0
8.82903614116643E+017,144,8,210,0,8631,0
8.82903613365944E+017,294,5,480,0,1991,0
8.82903600770449E+017,90,14,133,0,8497,0
8.82903595800076E+017,1458,144,1056,0,100466,0
8.82903590825849E+017,38,0,522,0,2794,0
8.82903583506678E+017,827,44,1037,0,136131,0
8.8290358283989E+017,38,0,180,0,9107,0
8.82903580667249E+017,1,0,71,0,1,0
8.82903575684317E+017,227,3,1011,0,1385,0
8.82903574413427E+017,237,12,52,0,20495,0
8.82903563990585E+017,1708,26,4993,0,31785,0
8.82903561994109E+017,100,3,363,0,24558,0
8.8290356110497E+017,29,0,36,0,207,1
8.82903559288758E+017,558,26,500,0,5439,0
8.82903549105123E+017,75,5,129,0,9261,0
8.82903547053986E+017,2760,184,613,0,34689,0
8.82903546366017E+017,6,0,32,0,38,0
8.82903524215935E+017,170,0,154,0,279,0
8.82903518033703E+017,1874,545,4046,0,344460,0
8.82903516380975E+017,175,6,861,0,754,0
8.82903515752018E+017,56,9,251,0,4772,0
8.82903513306739E+017,128,0,1333,0,557,0
8.82903510336946E+017,192,1,260,0,4508,0
8.82903506520298E+017,324,5,283,0,534,0
8.82903505534693E+017,174,15,535,0,641,0
8.82903504381244E+017,27602,202,21829,0,24936,0
8.82903500211929E+017,4129,45,3040,0,4131,0
8.82903497200587E+017,29,0,42,0,6,0
8.82903496961413E+017,5872,22,563,0,8015,0
8.82903496323985E+017,310,4,1847,0,9725,0
8.82903496059638E+017,48801,310,3401,0,101152,0
8.82903493878706E+017,5,0,53,0,38,0
8.8290349208345E+017,291,0,470,0,7104,0
8.82903490300756E+017,520,24,530,0,1726,0
8.82903485976543E+017,78,1,124,0,9361,0
8.82903485456437E+017,56,6,626,0,252,0
8.82903475180515E+017,291,0,470,0,7104,1
8.82903471468556E+017,696,10,252,0,34532,0
8.82903469925048E+017,748,21,171,0,28466,0
8.82903469253948E+017,102,1,178,0,2039,0
8.82903463578943E+017,16,0,127,0,75,0
8.82903462928949E+017,210,21,393,0,8205,0
8.82903461804769E+017,2175,5,1435,0,8930,0
8.82903450945827E+017,9951,5,8280,0,2721,0
8.82903450312466E+017,291,136,980,0,1718,0
8.82903450085761E+017,76,13,60,0,3303,0
882906299775758337,66,0,1110,0,955,0
882906298483851264,302,33,180,0,22916,0
882906298161004544,274,0,535,0,2809,0
882906293299818497,1631,54,35,0,8880,0
882906290170847233,583,6,556,0,54303,0
882906285959593984,1227,13,478,0,11158,0
882906285796057088,693,17,143,0,1,0
882906284797841408,67,4,200,0,117,0
882906281303875584,7985,117,733,0,51600,0
882906281014579200,248,10,1367,0,7638,0
882906276992348160,6019891,2406,476,1,16550,1
882906273913556992,487,0,135,0,1162,0
882906273859162112,265,12,151,0,7700,0
882906273200480256,95,2,33,0,57,0
882906271224971264,7,0,126,0,132,0
882906271002877952,8981,324,1775,1,1026,0
882906267576131584,2843,118,2424,0,61921,0
882906265361424385,860,36,247,0,28309,0
882906259808178176,1511,48,1403,0,181,0
882906258864578561,487,0,135,0,1162,0
882906258373783552,22,0,130,0,173,0
882906255731302401,432,69,1284,0,951,0
882906254410227712,269,2,291,0,19,0
882906247640604673,1063,74,670,0,1162,0
882906246503952387,25,0,215,0,912,0
882906236974399490,36096,243,90,0,6,0
882906236064235520,736,47,538,0,100341,0
882906235204501505,2479,52,316,0,4305,0
882906234633965568,7888,204,284,0,166,0
882906234331869185,2254,123,1470,0,20840,0
882906233736495104,787,159,286,0,13801,0
882906231895199744,22,0,130,0,173,0
882906231379296256,82,1,29,0,1154,0
882906226790510592,42,10,287,0,1187,0
882906226413023232,200,25,359,0,6302,0
882906224840237056,110,0,298,0,97,0
882906222055313409,165,36,256,0,804,0
882906217114480640,47578,159,1344,0,21193,0
882906216057274369,344,15,666,0,41702,0
882906213205278720,732,12,2285,0,8853,0
882906211477110784,66,1,256,0,219,0
882906209866498050,48,2,218,0,3497,0
882906209530949632,2011,399,3037,0,12313,0
882906208855891968,8914,91,3205,0,1809,0
882906201238917122,233,13,540,0,17213,0
882906200286744576,13536,24,104,0,5199,0
882906188706447360,194,27,26,0,899,0
882906187653554177,154,5,152,0,64,0
882906184973512704,2011,399,3037,0,12313,0
882906184419639296,558,26,500,0,5440,0
882906182599540738,1631,54,35,0,8880,0
882906182159130625,10736,168,3272,0,69794,0
882906180770824193,32,0,135,0,421,0
882906178946314240,6,0,121,0,164,0
882906174772981760,36,4,253,0,2246,0
882906172633882624,8,0,210,0,40,0
882906171736289280,74,1,84,0,3027,0
882906162848559104,323,4,2361,0,81,0
882906162554966017,121,34,373,0,6275,0
882906160818298881,15,0,60,0,226,4
882906159400669184,483,107,255,0,16874,0
882906158029078529,4,0,5,0,0,0
882906156552859649,177,0,105,0,187,0
882906155764273153,61,0,81,0,6813,0
882906152253763587,38900,77,1178,0,22175,0
882906144691425280,23488,84,2243,1,666,0
882906139276578816,13,0,0,0,343,0
882906137007452160,1116,254,869,0,0,0
882906134620676096,425,0,293,0,1473,0
882906129797332993,453,6,34,0,25079,0
882906125435191297,19778,237,4692,0,98555,3
882906125082927104,2049155,2749,0,1,0,4
882906120674832384,83,0,309,0,810,0
882906117520723968,214,0,25,0,45843,0
882906112655106049,699,7,201,0,1130,0
882906109152985088,1107,216,431,0,750,0
882906106967863296,2843,118,2424,0,61921,0
882906106216947714,117,0,215,0,9582,0
882906104144973824,141,9,476,0,6457,0
882906103712841728,37876,186,136,0,7771,0
882906102266023936,6374,15,105,0,830,0
882906087422349312,148,0,243,0,9814,0
882906087099437057,10736,168,3272,0,69794,0
882906079490957312,81,0,192,0,1380,1
882906074222927873,3347,195,1270,0,124220,0
882906073421815808,44,0,320,0,2209,0
882906073279078400,16,0,69,0,879,0
882906068346687488,510,5,368,0,69,0
882906065028894720,45092,220,580,1,8256,0
882906064559013888,165,3,836,0,516,0
882906064525697024,80,2,101,0,70,0
882906054039814144,200,57,61,0,47598,0
882906052252979200,45092,220,580,1,8256,0
882906047484055553,66,1,256,0,219,0
882906046662033409,163,3,184,0,783,0
882906042950197249,6,0,72,0,105,0
882906042652385296,74,1,84,0,3027,0
882906040743809024,756,86,894,0,4617,0
882906038651039744,744,6,4953,0,9,0
882906028039393280,543,5,445,0,35127,0
882906027443634176,1424657,2218,375,1,72,1
882906024759394304,12,0,40,0,707,0
882906024738467840,21,0,59,0,769,0
882906024692391936,867,25,187,0,3962,0
882906024625278980,7,0,91,0,858,0
882906024612700160,8,0,53,0,769,0
882906024570744832,884,24,201,0,3364,0
882906024566562816,12,0,63,0,740,0
882906024545583105,7,0,92,0,827,0
882906024516231168,10,0,51,0,883,0
882906024499437568,9,0,24,0,865,0
882906017125748736,374,13,561,0,2554,0
882906012512010240,287,19,1058,0,11948,0
882906012348317696,2289,339,2289,0,79732,0
882906008221306880,12923,1030,84,0,51,0
882906006057095169,115,0,631,0,1063,0
882905993637703680,1129,72,2926,0,27677,0
882905992987635718,140,0,445,0,21119,0
882905991649546240,157,17,53,0,291,0
882905991284535296,67,0,20,0,47,0
882905990437502976,1155,7,599,0,778,0
882905990093393920,61,0,37,0,1171,0
882905985358102529,304,11,695,0,10734,0
882905983219105792,0,0,74,0,23,0
882905982283788288,3267,160,4880,0,15,0
882905981344038912,62,4,97,0,277,0
882905976344637441,51433,367,50273,0,41987,0
882905974494830593,515,14,70,0,7102,0
882905974478168064,214,0,25,0,45843,0
882905970749394944,264,0,714,0,2669,0
882905968090021888,157,0,168,0,2144,0
882905957403066369,2175,5,1435,0,8931,0
882905957277282304,3155,384,802,0,6890,0
882905952004956161,13520,102,6601,0,13258,0
882905948884312064,515,14,70,0,7102,0
882905939199664128,644,70,599,0,6594,0
882905937157255170,1016,513,737,0,174,0
882905935932383232,68,0,57,0,132,0
882905928248340483,635,32,1338,0,86,0
882905922334535680,342,2,137,0,41379,0
882905918312030208,3307,32,775,0,3652,0
882905912742092800,8981,31,1716,0,548,0
882905910829400065,343,9,591,0,9494,0
882905906052288512,4,0,3,0,1,0
882905904772984833,383,72,1415,0,4436,0
882905903070154752,371,44,544,0,795,0
882905896522612740,77,3,227,0,1289,0
882905895268605952,635,32,1338,0,86,0
882905894102732800,71,0,200,0,5263,0
882905893909794821,3347,195,1270,0,124220,0
882905886791942145,44,1,326,0,629,0
882905884195667969,39,9,180,0,15,0
882905883352510464,552171,629,242,1,967,2
882905878952894464,354,1,307,0,11520,0
882905878352900096,236,4,160,0,13837,0
882905877719560192,34,0,442,0,3682,0
882905875144478721,6965,114,978,0,38140,0
882905867766681600,1283,74,33,0,1656,0
882905867347140608,515,14,70,0,7102,0
882905865186975748,252,52,500,0,24989,0
882905862074802176,610,17,418,0,884,0
882905859587678208,1905,244,220,0,9043,0
882905858723729410,295,71,394,0,29264,0
882905857029152768,39,0,254,0,20,0
882905856303673344,1436,94,540,0,16849,0
882905838448287744,725,33,1160,0,17773,0
882905831695458304,38,1,107,0,16779,0
882905830835630081,708,6,47,0,1760,0
882905827484553217,307,17,274,0,12669,0
882905819221708801,2,0,61,0,272,0
882905814670999552,14833,4780,14785,0,10,0
882905814104715264,14833,4780,14785,0,10,0
882905811940495361,14833,4780,14785,0,10,0
882905810715766785,397,12,1123,0,1226,0
882905809973264384,450,21,713,0,1696,0
882905807553265664,516,8,4111,0,2829,0
882905800318078976,115,0,631,0,1063,0
882905800288743425,1361,56,1195,0,1315,0
882905797562216448,616,187,358,0,64,0
882905795310096384,417,34,1426,0,891,0
882905795091976192,50,0,128,0,7368,0
882905789769404416,134,1,451,0,962,0
882905787848245250,1109,10,130,0,138,0
882905785944203264,1026,292,315,0,10799,0
882905785029713920,1120,9,1575,0,5330,0
882905783649918977,1608,7,2491,0,2,0
882905781829419008,756,86,894,0,4617,0
882905780105748480,1432,107,244,0,127165,0
882905775319818240,350,44,732,0,21868,0
882905770525827077,42,0,25,0,879,0
882905763198500864,45505,179,23,0,8,0
882905756730769408,558,26,500,0,5440,0
882905755405344768,359,1,511,0,95,0
882905754260434945,3155,384,802,0,6890,0
882905752851054592,817,0,660,0,2405,0
882905750854549504,13520,102,6601,0,13258,0
882905749961060352,45,0,127,0,5321,0
882905747792642048,824,84,2880,0,32625,0
882905747301990404,47578,159,1344,0,21193,1
882905740398256128,895,42,220,0,17941,0
882905735608258562,62,4,97,0,277,0
882905734840803328,601,1,1692,0,68,0
882905732483489792,540,5,253,0,852,0
882905726414241792,2042,14,855,0,2663,0
882905717174288385,435,27,166,0,6274,0
882905715722960898,5893385,6082,860,1,3030,4
882905709146284032,2886,99,127,0,736,0
882905706403217409,412,581,313,0,14,0
882905705367425027,148,1,127,0,3346,0
882905702674690049,3155,384,802,0,6890,0
882905699457654784,13,0,87,0,7,0
882905698153234432,70,2,90,0,7981,0
882905688178950146,195,7,452,0,619,0
882905670080757761,148,1,127,0,3346,0
882905666343510018,131,1,318,0,1056,0
882905663701004288,39,9,180,0,15,0
882905662929252352,567,27,567,0,27432,0
882905662845403138,73,0,583,0,122,0
882905654272196608,137,27,657,0,2086,0
882905653098029056,32,0,146,0,36,0
882905641962004481,69,0,56,0,429,0
882905640905170944,141,0,459,0,112,0
882905639751532545,5895,219,7,0,0,0
882905639114207232,352,26,957,0,8164,0
882905636882718720,61,3,268,0,14164,0
882905635402199040,1415,83,1497,0,43666,0
882905633766256641,256,20,1296,0,24294,0
882905632201822208,126,0,534,0,625,0
882905624887119873,74,1,70,0,4234,0
882905621925740545,38,1,107,0,16779,0
882905612685787136,55,1,17,0,1176,0
882905611557580802,88,0,384,0,1569,0
882905610664251392,67,6,191,0,997,0
882905607417716736,256,20,1296,0,24294,0
882905602220974080,827,20,4995,0,37697,0
882905601520672768,101,15,148,0,7092,0
882905595229032448,4358,172,1162,0,60034,0
882905591987007488,0,0,21,0,1,0
882905580221865984,252,52,500,0,24989,0
882905578456133637,4,0,3,0,1,1
882905576023273472,17007,492,3014,0,20179,0
882905572575776769,563,40,351,0,34711,0
882905569446768640,3347,195,1270,0,124220,0
882905568129806336,297,5,2318,0,31678,0
882905563931131904,1832,152,1646,0,62518,0
882905562916179969,2922,26,169,0,12,0
882905551813750784,176,13,158,0,2483,0
882905549108596737,263,8,621,0,0,0
882905548471119872,83,2,111,0,3473,0
882905546982133761,25786,105,3544,0,62099,0
882905546436825088,168,28,139,0,29686,0
882905542729113600,282,48,241,0,28489,0
882905539289595904,49582,212,42704,0,108893,0
882905537376960513,203,22,383,0,483,0
882905536903118848,2,0,25,0,99,0
882905532318744576,280,18,691,0,4565,0
882905529563176962,3561,35,3273,0,40436,0
882905521262653440,337,91,65,0,7606,0
882905521015095296,0,0,0,0,0,0
882905518884442113,144,10,125,0,9166,0
882905513087971328,743,6,137,0,143217,0
882905512085520384,470,30,1035,0,11047,0
882905509245800448,1830,26,198,0,11390,0
882905503764033540,25,0,71,0,447,0
882905500408569856,8,0,68,0,44,0
882905485380263936,14,0,15,0,2508,0
882905482377142273,295,8,1104,0,6233,0
882905481341157376,383,36,1050,0,20567,0
882905475662192640,3347,195,1270,0,124220,0
882905475192205312,66,0,461,0,2449,0
882905471308382208,137,9,547,0,435,0
882905470834442240,1099,21,124,0,21352,0
882905465491001344,237,73,380,0,49253,0
882905465172000768,74557,411,743,0,19543,0
882905463683022848,185,1,1095,0,19845,0
882905461585977345,170,3,111,0,44,1
882905460973735937,0,0,5,0,18,0
882905459589435392,163,15,812,0,342,0
882905458985644032,25,0,44,0,1,0
882905458230648832,648,12,245,0,20141,0
882905457135845377,71,2,30,0,33,0
882905455307173889,4,0,64,0,55,0
882905450550898688,3942,61,4362,1,420,0
882905448604508160,90,18,129,0,1954,0
882905441864302593,675,201,724,0,27112,0
882905439645466626,427,77,740,0,939,0
882905438307717121,12413,69,42,0,30252,0
882905437699416064,2461,19,872,0,1135,0
882905429600161793,8981,31,1716,0,548,0
882905429528817665,303,2,378,0,17269,0
882905428526374912,483,107,255,0,16874,0
882905426026573825,17007,492,3014,0,20179,0
882905417541603328,1637,86,1224,0,113554,0
882905413791825920,232,8,395,0,73,0
882905396972855297,154,1,369,0,0,0
882905396343484416,3942,61,4362,1,420,0
882905393227329541,110,109,79,0,2,0
882905392820490240,154,1,369,0,0,0
882905391432159233,316,4,2337,0,16507,0
882905390446292992,126,7,51,0,88,0
882905388479377409,56,14,1729,0,843,0
882905388214919168,311,20,647,0,51082,0
882905385648181248,360,31,341,0,31472,0
882905380703027200,1355,10,1253,0,521,0
882905379692326912,834,425,366,0,544,0
882905376856752128,387,34,1044,0,352,0
882905373367123972,342,15,247,0,2240,0
882905372696219649,131,6,178,0,6951,0
882905366878502913,2151,35,86,0,2342,0
882905360696131584,314,3,441,0,20167,0
882905354220093440,20,2,75,0,963,0
882905350751617024,0,0,60,0,0,0
882905339812868096,1,0,8,0,26,0
882905337099104257,384,31,985,0,19534,0
882905335060725761,316,4,2337,0,16507,0
882905335031320578,1741,46,763,0,11098,0
882905331432640512,799,10,140,0,696,0
882905329008128002,116,8,763,0,3588,0
882905328991567872,74,1,144,0,5417,0
882905320900538368,499,23,687,0,12140,0
882905320174911488,2687,69,2856,0,12343,0
882905317620801536,10732,349,6481,0,6175,0
882905315959635969,30,0,218,0,53,0
882905314391150593,11,0,93,0,88,0
882905305956462593,1345,216,418,0,169667,0
882905304555413504,8,0,47,0,711,0
882905303775297536,280,30,231,0,90,0
882905288982106112,27,3,18,0,2039,0
882905287585169410,2040,86,974,0,31894,0
882905283890208768,20222,117,6174,0,3627,0
882905282069659648,1240,49,559,0,1088,0
882905280710926336,997,98,1334,0,39161,0
882905278148210688,736,47,538,0,100341,0
882905274759106560,259,42,111,0,12693,0
882905273098280961,1741,46,763,0,11098,0
882905269826605056,325,16,252,0,3988,0
882905269352759296,297,1,3240,0,298,0
882905266534199296,316,4,2337,0,16507,0
882905259026382848,2485,3,3241,0,3115,0
882905253795856385,71,1,467,0,532,0
882905253581946880,370,49,136,0,50463,0
882905252332158976,2518136,4075,738,1,395,15
882905252097277953,134,6,170,0,1349,0
882905244815958017,97,3,250,0,281,0
882905244149075968,1493,45,864,0,10143,0
882905242454589441,21,0,235,0,2197,0
882905240441417728,1606,173,1944,0,102952,0
882905239975641088,710,55,1018,0,15143,0
882905238469984256,725,50,428,0,12349,0
882905237941616640,11285,11,9301,0,5445,0
882905236238741504,14298,116,3420,0,4037,0
882905233940070401,804,128,730,0,46106,0
882905230307885056,167,2,464,0,0,0
882905229557211136,1412,38,306,0,4,0
882905227271077888,19,0,81,0,400,0
882905224767094788,1354,148,2171,0,15913,0
882905220145192960,1568,8,184,0,245,0
882905220119838721,430,24,259,0,7780,0
882905217020198912,81,2,279,0,3730,0
882905214038138885,131,10,300,0,15564,0
882905213023256576,159,0,178,0,197,0
882905206534664192,566,30,1572,0,117561,0
882905196619321348,103,0,388,0,564,0
882905193293250560,123,5,32,0,15522,0
882905186028576768,2567,10,228,0,1931,0
882905183793037316,843,19,540,0,34,0
882905181750517760,6928,88,427,0,3496,0
882905181326778369,317,14,325,0,1055,0
882905180399742977,7457,160,7198,0,63131,0
882905180009844736,643,83,911,0,16451,0
882905166218973184,6,0,42,0,4,0
882905166034468866,11285,11,9301,0,5445,0
882905163501117440,6,0,23,0,0,0
882905163228467200,34,0,117,0,3304,0
882905162595041280,7,1,9,0,116,0
882905161835859969,2461,19,872,0,1135,0
882905159877115910,282,0,251,0,16661,0
882905154898599936,69,5,89,0,343,0
